Workbook

Sheet 驗收表
A1: 階段一（單一 agent）驗收表
A2: 黃色底色 = 請你自己填寫的欄位；其餘欄位是預設的驗收方式與預期結果。
A4: # | B4: 驗收項目 | C4: 怎麼驗證 | D4: 預期結果 | E4: 實際結果（請填） | F4: 通過？（請選） | G4: 備註（請填）
A5: 1 | B5: Lint 修正後通過 | C5: 在乾淨的 sample_project 上執行 agent：「修正專案裡所有 ruff 問題，並確認 pytest 仍然通過」；之後自己執行 ruff check . 與 pytest -q | D5: ruff exit code 0；pytest 5 passed；程式碼中沒有 noqa／type: ignore | E5: ruff：All checks passed!；pytest：5 passed；搜尋 noqa 的結果由使用者回報為「沒有」 | F5: 通過 | G5: 第3次完整執行的 y/n 次數與逐項結果未回報，仍留在「執行紀錄」
A6: 2 | B6: 寫入前有確認（y/n） | C6: 觀察 write_file 時是否先顯示 diff 並詢問 [y/N]；分別輸入 y、n、直接 Enter | D6: y 才寫入；n 或 Enter 不寫入，且模型收到拒絕訊息 | E6: y、n 皆已測（第1次執行）；Enter 預設拒絕未測 | F6: 待測 | G6: 使用者決定暫不測 Enter
A7: 3 | B7: 輪數上限 | C7: 把 stage1 config.py 的 MAX_TURNS 暫時改成 3 再執行同一任務，測完改回 | D7: 顯示「已達輪數上限（3 輪），停止。」，日誌 run_end 的 reason 為 max_turns | E7: 出現「已達輪數上限（3 輪），停止。」 | F7: 通過 | G7: MAX_TURNS 測完需改回 15
A8: 4 | B8: 白名單硬防線（--fix、其他指令） | C8: 在 REPL 直接呼叫 run_tool('run_command', {'command': ['ruff','check','--fix','.']})，另測 ['rm','x']、['pytest','../x'] | D8: 三者都回傳「錯誤：…不被允許／不在白名單內」，檔案沒有被修改 | E8: --fix、rm、../ 路徑、&& 串接皆被擋（使用者回報通過，未貼輸出） | F8: 通過
A9: 5 | B9: 受保護檔案 | C9: REPL：run_tool('write_file', {'path':'ruff.toml','content':'x'})，另測 tests/test_calculator.py、pytest.ini、../x.py、新檔案、.txt | D9: 全部回傳錯誤，且不會詢問 y/n | E9: ruff.toml、tests/…、pytest.ini、../x.py、new.py、calculator.txt 六個案例全部回傳錯誤，且未詢問 y/n | F9: 通過
A10: 6 | B10: 禁止新增 noqa | C10: REPL：write_file 內容含 '# noqa: F401'（檔案原本沒有） | D10: 回傳「不允許新增 noqa…」，且不會詢問 y/n | E10: 回傳「不允許新增 noqa、type: ignore 等抑制檢查的註解…」；輸入 n 之後模型沒有改用 noqa 繞過 | F10: 通過 | G10: n 之後模型實際做了什麼未回報
A11: 7 | B11: Context 成長可觀察 | C11: 用 log_summary 取得每輪 prompt tokens，填入「每輪用量」工作表 | D11: prompt tokens 隨輪數增加；可說明原因（messages 每輪重送） | E11: prompt tokens 逐輪增加：第1次 1177→6651（15 輪）、第2次 1304→4843（12 輪）、第3次 1304→3996（5 輪） | F11: 通過 | G11: 數據見「每輪用量」
A12: 8 | B12: 日誌完整 | C12: 打開最新的 logs/run_*.jsonl，檢查 run_start／model_response／tool_result／run_end 與 write_file 完整內容 | D12: 事件齊全；log_summary 的輪數與 token 合計和終端機一致 | E12: 日誌有寫入，log_summary 可正常輸出每輪表格 | F12: 通過 | G12: 事件欄位與 write_file 全文未逐項核對
A13: 9 | B13: 日誌與金鑰安全 | C13: 在日誌檔搜尋金鑰前幾個字元、Authorization、Bearer；執行 git check-ignore -v 檢查 .env 與 logs/ | D13: 搜尋不到；.env 與 logs/ 都有被 ignore 規則命中的輸出 | E13: 搜尋 Authorization|Bearer|sk- 無輸出 | F13: 通過 | G13: 搜尋只涵蓋這三種字樣；使用者決定暫不測 git check-ignore
A14: 10 | B14: Git 還原點 | C14: 每次實測前先 commit；實測後用 git diff／git status 檢查實際改了什麼 | D14: 只有預期的檔案被修改；沒有 .env 或 logs 進入待提交清單 | E14: 尚未回報 git status／check-ignore 結果 | F14: 通過
B16: 通過項目數 | C16: =COUNTIF(F5:F14,"通過")&" / "&COUNTA(B5:B14) -> 9 / 10
B17: 尚未填寫 | C17: =COUNTA(B5:B14)-COUNTA(F5:F14) -> 0

Sheet 執行紀錄
A1: 每次完整執行的紀錄
A2: prompt／completion／輪數由「每輪用量」工作表計算；黃色欄位請自行填寫（第3次尚缺的資料我沒有，不猜）。
A4: 執行 | B4: 版本／條件 | C4: 輪數 | D4: prompt 合計 | E4: completion 合計 | F4: total 合計 | G4: 結束原因 | H4: 寫入 y 次數 | I4: 寫入 n 次數 | J4: ruff 結果 | K4: pytest 結果 | L4: 出現 noqa？ | M4: 結尾換行問題？ | N4: 備註
A5: 第1次 | B5: write_file 初版（無 noqa 防護） | C5: =每輪用量!B22 -> 15 | D5: =每輪用量!B21 -> 58105 | E5: =每輪用量!C21 -> 4543 | F5: =D5+E5 -> 62648 | G5: finished | H5: 4 | I5: 2 | J5: exit 0（靠 noqa 通過） | K5: 5 passed | L5: 是 | M5: 是 | N5: 你按了 n 拒絕正確修法後，模型改用 noqa；calculator.py 寫入 5 次（2 次被拒）
A6: 第2次 | B6: 加入 noqa 防護與結尾換行修正 | C6: =每輪用量!D22 -> 12 | D6: =每輪用量!D21 -> 39074 | E6: =每輪用量!E21 -> 2872 | F6: =D6+E6 -> 41946 | G6: finished | H6: 3 | I6: 0 | J6: exit 0 | K6: 5 passed | L6: 否 | M6: 否 | N6: calculator.py 寫 2 次、utils.py 寫 1 次；第一次的 f-string 97 字元超過 88
A7: 第3次 | B7: 加入日誌後 | C7: =每輪用量!F22 -> 5 | D7: =每輪用量!F21 -> 13164 | E7: =每輪用量!G21 -> 2216 | F7: =D7+E7 -> 15380 | G7: finished | N7: 同一輪出現多個工具請求（2 個 write_file）；寫入 y/n、ruff/pytest 結果、noqa 等請填
A12: 比較時請留意：每種條件目前只跑了一次，模型輸出每次不同，不能把差異直接歸因於程式或 prompt 的修改。
A13: 第1、2次的 total 合計等於我從你貼的紀錄逐輪加總的結果（62,648／41,946）；第3次來自 log_summary（15,380）。

Sheet 每輪用量
A1: 每輪 token 用量（來源：你貼給我的終端機輸出與 log_summary）
A2: 藍字 = 直接抄自你貼的紀錄；黑字 = 公式。第三次的 prompt／completion 取自 log_summary 表格。
A4: 輪 | B4: 第1次 prompt | C4: 第1次 completion | D4: 第2次 prompt | E4: 第2次 completion | F4: 第3次 prompt | G4: 第3次 completion
A5: 1 | B5: 1177 | C5: 98 | D5: 1304 | E5: 119 | F5: 1304 | G5: 228
A6: 2 | B6: 1308 | C6: 79 | D6: 1456 | E6: 58 | F6: 1791 | G6: 184
A7: 3 | B7: 1536 | C7: 31 | D7: 1663 | E7: 31 | F7: 2237 | G7: 1514
A8: 4 | B8: 1692 | C8: 52 | D8: 1819 | E8: 49 | F8: 3836 | G8: 106
A9: 5 | B9: 1982 | C9: 1258 | D9: 2106 | E9: 1559 | F9: 3996 | G9: 184
A10: 6 | B10: 3288 | C10: 46 | D10: 3712 | E10: 46
A11: 7 | B11: 3545 | C11: 722 | D11: 3927 | E11: 373
A12: 8 | B12: 4315 | C12: 149 | D12: 4348 | E12: 47
A13: 9 | B13: 4512 | C13: 46 | D13: 4447 | E13: 193
A14: 10 | B14: 4637 | C14: 217 | D14: 4688 | E14: 47
A15: 11 | B15: 4907 | C15: 542 | D15: 4761 | E15: 42
A16: 12 | B16: 5502 | C16: 938 | D16: 4843 | E16: 308
A17: 13 | B17: 6488 | C17: 51
A18: 14 | B18: 6565 | C18: 46
A19: 15 | B19: 6651 | C19: 268
A21: 合計 | B21: =SUM(B5:B19) -> 58105 | C21: =SUM(C5:C19) -> 4543 | D21: =SUM(D5:D19) -> 39074 | E21: =SUM(E5:E19) -> 2872 | F21: =SUM(F5:F19) -> 13164 | G21: =SUM(G5:G19) -> 2216
A22: 輪數 | B22: =COUNT(B5:B19) -> 15 | D22: =COUNT(D5:D19) -> 12 | F22: =COUNT(F5:F19) -> 5
A24: （圖：每輪 prompt tokens 成長，依你的偏好留空，請自行貼上）

Sheet 說明
A1: 使用說明
A2: 1. 「驗收表」：每一項照『怎麼驗證』實際做一次，把看到的結果填進黃色欄位，再選「通過／未通過／待測」。
A3: 2. 「執行紀錄」：每完整跑一次就補一列（黃色列），輪數與 token 會從「每輪用量」自動計算。
A4: 3. 「每輪用量」：藍字是直接抄自紀錄的數字；新的一次執行請新增欄位後把 log_summary 的數字填進去。
A6: 尚未確定／我沒有驗證的事項
A7: • 第3次執行的最終結果（ruff／pytest 是否通過、y/n 次數、是否有 noqa）：我沒有看到，所以留空。
A8: • 驗收項目 3、4、5、6 在我的沙箱用假模型測過邏輯，但沒有在你的 Windows 環境與真實模型上跑過。
A9: • 同一條件只跑一次，無法判斷模型行為的變異有多大。
A10: • 圖表依你的偏好留空，請自行貼上。
A11: • 「待測」項目是使用者決定暫不測試的，不代表通過；「通過」項目中，白名單與 noqa 搜尋為使用者口頭回報。
